--
-- PostgreSQL database dump
--

-- Dumped from database version 12.9 (Ubuntu 12.9-2.pgdg20.04+1)
-- Dumped by pg_dump version 12.9 (Ubuntu 12.9-2.pgdg20.04+1)

SET statement_timeout = 0;
SET lock_timeout = 0;
SET idle_in_transaction_session_timeout = 0;
SET client_encoding = 'UTF8';
SET standard_conforming_strings = on;
SELECT pg_catalog.set_config('search_path', '', false);
SET check_function_bodies = false;
SET xmloption = content;
SET client_min_messages = warning;
SET row_security = off;

DROP DATABASE universe;
--
-- Name: universe; Type: DATABASE; Schema: -; Owner: freecodecamp
--

CREATE DATABASE universe WITH TEMPLATE = template0 ENCODING = 'UTF8' LC_COLLATE = 'C.UTF-8' LC_CTYPE = 'C.UTF-8';


ALTER DATABASE universe OWNER TO freecodecamp;

\connect universe

SET statement_timeout = 0;
SET lock_timeout = 0;
SET idle_in_transaction_session_timeout = 0;
SET client_encoding = 'UTF8';
SET standard_conforming_strings = on;
SELECT pg_catalog.set_config('search_path', '', false);
SET check_function_bodies = false;
SET xmloption = content;
SET client_min_messages = warning;
SET row_security = off;

SET default_tablespace = '';

SET default_table_access_method = heap;

--
-- Name: galaxy; Type: TABLE; Schema: public; Owner: freecodecamp
--

CREATE TABLE public.galaxy (
    galaxy_id integer NOT NULL,
    name character varying(30) NOT NULL,
    description text NOT NULL,
    has_life boolean NOT NULL,
    visible_to_eye boolean NOT NULL
);


ALTER TABLE public.galaxy OWNER TO freecodecamp;

--
-- Name: galaxy_galaxy_id_seq; Type: SEQUENCE; Schema: public; Owner: freecodecamp
--

CREATE SEQUENCE public.galaxy_galaxy_id_seq
    AS integer
    START WITH 1
    INCREMENT BY 1
    NO MINVALUE
    NO MAXVALUE
    CACHE 1;


ALTER TABLE public.galaxy_galaxy_id_seq OWNER TO freecodecamp;

--
-- Name: galaxy_galaxy_id_seq; Type: SEQUENCE OWNED BY; Schema: public; Owner: freecodecamp
--

ALTER SEQUENCE public.galaxy_galaxy_id_seq OWNED BY public.galaxy.galaxy_id;


--
-- Name: moon; Type: TABLE; Schema: public; Owner: freecodecamp
--

CREATE TABLE public.moon (
    moon_id integer NOT NULL,
    name character varying(30) NOT NULL,
    year_found integer,
    diameter_km integer,
    planet_id integer NOT NULL
);


ALTER TABLE public.moon OWNER TO freecodecamp;

--
-- Name: moon_moon_id_seq; Type: SEQUENCE; Schema: public; Owner: freecodecamp
--

CREATE SEQUENCE public.moon_moon_id_seq
    AS integer
    START WITH 1
    INCREMENT BY 1
    NO MINVALUE
    NO MAXVALUE
    CACHE 1;


ALTER TABLE public.moon_moon_id_seq OWNER TO freecodecamp;

--
-- Name: moon_moon_id_seq; Type: SEQUENCE OWNED BY; Schema: public; Owner: freecodecamp
--

ALTER SEQUENCE public.moon_moon_id_seq OWNED BY public.moon.moon_id;


--
-- Name: planet; Type: TABLE; Schema: public; Owner: freecodecamp
--

CREATE TABLE public.planet (
    planet_id integer NOT NULL,
    name character varying(30) NOT NULL,
    rotation_period_years numeric(5,2) NOT NULL,
    has_moon boolean NOT NULL,
    star_id integer NOT NULL
);


ALTER TABLE public.planet OWNER TO freecodecamp;

--
-- Name: planet_planet_id_seq; Type: SEQUENCE; Schema: public; Owner: freecodecamp
--

CREATE SEQUENCE public.planet_planet_id_seq
    AS integer
    START WITH 1
    INCREMENT BY 1
    NO MINVALUE
    NO MAXVALUE
    CACHE 1;


ALTER TABLE public.planet_planet_id_seq OWNER TO freecodecamp;

--
-- Name: planet_planet_id_seq; Type: SEQUENCE OWNED BY; Schema: public; Owner: freecodecamp
--

ALTER SEQUENCE public.planet_planet_id_seq OWNED BY public.planet.planet_id;


--
-- Name: rocket; Type: TABLE; Schema: public; Owner: freecodecamp
--

CREATE TABLE public.rocket (
    rocket_id integer NOT NULL,
    name character varying(30) NOT NULL,
    landed_planet character varying(30) NOT NULL,
    planet_id integer NOT NULL
);


ALTER TABLE public.rocket OWNER TO freecodecamp;

--
-- Name: rocket_rocket_id_seq; Type: SEQUENCE; Schema: public; Owner: freecodecamp
--

CREATE SEQUENCE public.rocket_rocket_id_seq
    AS integer
    START WITH 1
    INCREMENT BY 1
    NO MINVALUE
    NO MAXVALUE
    CACHE 1;


ALTER TABLE public.rocket_rocket_id_seq OWNER TO freecodecamp;

--
-- Name: rocket_rocket_id_seq; Type: SEQUENCE OWNED BY; Schema: public; Owner: freecodecamp
--

ALTER SEQUENCE public.rocket_rocket_id_seq OWNED BY public.rocket.rocket_id;


--
-- Name: star; Type: TABLE; Schema: public; Owner: freecodecamp
--

CREATE TABLE public.star (
    star_id integer NOT NULL,
    name character varying(30) NOT NULL,
    distance_light_years numeric(5,2) NOT NULL,
    brightness numeric(5,2) NOT NULL,
    galaxy_id integer NOT NULL
);


ALTER TABLE public.star OWNER TO freecodecamp;

--
-- Name: star_star_id_seq; Type: SEQUENCE; Schema: public; Owner: freecodecamp
--

CREATE SEQUENCE public.star_star_id_seq
    AS integer
    START WITH 1
    INCREMENT BY 1
    NO MINVALUE
    NO MAXVALUE
    CACHE 1;


ALTER TABLE public.star_star_id_seq OWNER TO freecodecamp;

--
-- Name: star_star_id_seq; Type: SEQUENCE OWNED BY; Schema: public; Owner: freecodecamp
--

ALTER SEQUENCE public.star_star_id_seq OWNED BY public.star.star_id;


--
-- Name: galaxy galaxy_id; Type: DEFAULT; Schema: public; Owner: freecodecamp
--

ALTER TABLE ONLY public.galaxy ALTER COLUMN galaxy_id SET DEFAULT nextval('public.galaxy_galaxy_id_seq'::regclass);


--
-- Name: moon moon_id; Type: DEFAULT; Schema: public; Owner: freecodecamp
--

ALTER TABLE ONLY public.moon ALTER COLUMN moon_id SET DEFAULT nextval('public.moon_moon_id_seq'::regclass);


--
-- Name: planet planet_id; Type: DEFAULT; Schema: public; Owner: freecodecamp
--

ALTER TABLE ONLY public.planet ALTER COLUMN planet_id SET DEFAULT nextval('public.planet_planet_id_seq'::regclass);


--
-- Name: rocket rocket_id; Type: DEFAULT; Schema: public; Owner: freecodecamp
--

ALTER TABLE ONLY public.rocket ALTER COLUMN rocket_id SET DEFAULT nextval('public.rocket_rocket_id_seq'::regclass);


--
-- Name: star star_id; Type: DEFAULT; Schema: public; Owner: freecodecamp
--

ALTER TABLE ONLY public.star ALTER COLUMN star_id SET DEFAULT nextval('public.star_star_id_seq'::regclass);


--
-- Data for Name: galaxy; Type: TABLE DATA; Schema: public; Owner: freecodecamp
--

INSERT INTO public.galaxy VALUES (1, 'Backward Galaxy', 'Seems to rotate in the opposite direction', false, false);
INSERT INTO public.galaxy VALUES (2, 'Centaurus A', 'It is in Centaurus', false, true);
INSERT INTO public.galaxy VALUES (3, 'Malin 1', 'Discovered Davind Malin', false, false);
INSERT INTO public.galaxy VALUES (4, 'Needle Galaxy', 'This is very thin in appearance', false, false);
INSERT INTO public.galaxy VALUES (5, 'Milky Way', 'Our galaxy', true, false);
INSERT INTO public.galaxy VALUES (6, 'Sombrero Galaxy', 'Looks like a sombrero', false, false);


--
-- Data for Name: moon; Type: TABLE DATA; Schema: public; Owner: freecodecamp
--

INSERT INTO public.moon VALUES (1, 'Moon', NULL, 3476, 3);
INSERT INTO public.moon VALUES (2, 'Phobos', 1877, 23, 4);
INSERT INTO public.moon VALUES (3, 'Deimos', 1877, 13, 4);
INSERT INTO public.moon VALUES (4, 'Io', 1610, 3630, 5);
INSERT INTO public.moon VALUES (5, 'Europa', 1610, 3138, 5);
INSERT INTO public.moon VALUES (6, 'Ganymede', 1610, 5262, 5);
INSERT INTO public.moon VALUES (7, 'Callisto', 1610, 4800, 5);
INSERT INTO public.moon VALUES (8, 'Amalthea', 1892, 200, 5);
INSERT INTO public.moon VALUES (9, 'Himalia', 1904, 170, 5);
INSERT INTO public.moon VALUES (10, 'Thebe', 1979, 90, 5);
INSERT INTO public.moon VALUES (11, 'Mimas', 1789, 394, 6);
INSERT INTO public.moon VALUES (12, 'Ence;adus', 1789, 502, 6);
INSERT INTO public.moon VALUES (13, 'Tethys', 1684, 1048, 6);
INSERT INTO public.moon VALUES (14, 'Dione', 1684, 1120, 6);
INSERT INTO public.moon VALUES (15, 'Rhea', 1672, 1530, 6);
INSERT INTO public.moon VALUES (16, 'Titan', 1655, 5150, 6);
INSERT INTO public.moon VALUES (17, 'Pan', 1990, 20, 6);
INSERT INTO public.moon VALUES (18, 'Ariel', 1851, 1160, 7);
INSERT INTO public.moon VALUES (19, 'Umbriel', 1851, 1190, 7);
INSERT INTO public.moon VALUES (20, 'Titania', 1787, 1610, 7);
INSERT INTO public.moon VALUES (21, 'Oberon', 1787, 1550, 7);


--
-- Data for Name: planet; Type: TABLE DATA; Schema: public; Owner: freecodecamp
--

INSERT INTO public.planet VALUES (1, 'Mercury', 0.24, false, 1);
INSERT INTO public.planet VALUES (2, 'Venus', 0.62, false, 1);
INSERT INTO public.planet VALUES (3, 'Earth', 1.00, true, 2);
INSERT INTO public.planet VALUES (4, 'Mars', 1.88, true, 2);
INSERT INTO public.planet VALUES (5, 'Jupiter', 11.86, true, 3);
INSERT INTO public.planet VALUES (6, 'Saturn', 29.45, true, 3);
INSERT INTO public.planet VALUES (7, 'Uranus', 84.02, true, 4);
INSERT INTO public.planet VALUES (8, 'Neptune', 164.79, true, 4);
INSERT INTO public.planet VALUES (9, 'Ceres', 4.60, false, 5);
INSERT INTO public.planet VALUES (10, 'Sedna', 599.00, false, 5);
INSERT INTO public.planet VALUES (11, 'Varda', 313.12, true, 6);
INSERT INTO public.planet VALUES (12, 'Pluto', 247.00, true, 6);


--
-- Data for Name: rocket; Type: TABLE DATA; Schema: public; Owner: freecodecamp
--

INSERT INTO public.rocket VALUES (1, 'Apollo 1', 'Mars', 4);
INSERT INTO public.rocket VALUES (2, 'Apollo 2', 'Mars', 4);
INSERT INTO public.rocket VALUES (3, 'Space X', 'Jupiter', 5);
INSERT INTO public.rocket VALUES (4, 'Space Y', 'Jupiter', 5);
INSERT INTO public.rocket VALUES (5, 'Space Z', 'Saturn', 6);


--
-- Data for Name: star; Type: TABLE DATA; Schema: public; Owner: freecodecamp
--

INSERT INTO public.star VALUES (1, 'Sadalsuud', 612.00, 2.90, 5);
INSERT INTO public.star VALUES (2, 'Hamal', 66.00, 2.01, 5);
INSERT INTO public.star VALUES (3, 'Arcturus', 37.00, 0.05, 5);
INSERT INTO public.star VALUES (4, 'Regulus', 77.00, 1.36, 5);
INSERT INTO public.star VALUES (5, 'Enif', 688.20, 2.40, 5);
INSERT INTO public.star VALUES (6, 'Spica', 260.90, 1.04, 5);


--
-- Name: galaxy_galaxy_id_seq; Type: SEQUENCE SET; Schema: public; Owner: freecodecamp
--

SELECT pg_catalog.setval('public.galaxy_galaxy_id_seq', 6, true);


--
-- Name: moon_moon_id_seq; Type: SEQUENCE SET; Schema: public; Owner: freecodecamp
--

SELECT pg_catalog.setval('public.moon_moon_id_seq', 21, true);


--
-- Name: planet_planet_id_seq; Type: SEQUENCE SET; Schema: public; Owner: freecodecamp
--

SELECT pg_catalog.setval('public.planet_planet_id_seq', 12, true);


--
-- Name: rocket_rocket_id_seq; Type: SEQUENCE SET; Schema: public; Owner: freecodecamp
--

SELECT pg_catalog.setval('public.rocket_rocket_id_seq', 5, true);


--
-- Name: star_star_id_seq; Type: SEQUENCE SET; Schema: public; Owner: freecodecamp
--

SELECT pg_catalog.setval('public.star_star_id_seq', 6, true);


--
-- Name: galaxy galaxy_name_key; Type: CONSTRAINT; Schema: public; Owner: freecodecamp
--

ALTER TABLE ONLY public.galaxy
    ADD CONSTRAINT galaxy_name_key UNIQUE (name);


--
-- Name: galaxy galaxy_pkey; Type: CONSTRAINT; Schema: public; Owner: freecodecamp
--

ALTER TABLE ONLY public.galaxy
    ADD CONSTRAINT galaxy_pkey PRIMARY KEY (galaxy_id);


--
-- Name: moon moon_name_key; Type: CONSTRAINT; Schema: public; Owner: freecodecamp
--

ALTER TABLE ONLY public.moon
    ADD CONSTRAINT moon_name_key UNIQUE (name);


--
-- Name: moon moon_pkey; Type: CONSTRAINT; Schema: public; Owner: freecodecamp
--

ALTER TABLE ONLY public.moon
    ADD CONSTRAINT moon_pkey PRIMARY KEY (moon_id);


--
-- Name: planet planet_name_key; Type: CONSTRAINT; Schema: public; Owner: freecodecamp
--

ALTER TABLE ONLY public.planet
    ADD CONSTRAINT planet_name_key UNIQUE (name);


--
-- Name: planet planet_pkey; Type: CONSTRAINT; Schema: public; Owner: freecodecamp
--

ALTER TABLE ONLY public.planet
    ADD CONSTRAINT planet_pkey PRIMARY KEY (planet_id);


--
-- Name: rocket rocket_name_key; Type: CONSTRAINT; Schema: public; Owner: freecodecamp
--

ALTER TABLE ONLY public.rocket
    ADD CONSTRAINT rocket_name_key UNIQUE (name);


--
-- Name: rocket rocket_pkey; Type: CONSTRAINT; Schema: public; Owner: freecodecamp
--

ALTER TABLE ONLY public.rocket
    ADD CONSTRAINT rocket_pkey PRIMARY KEY (rocket_id);


--
-- Name: star star_name_key; Type: CONSTRAINT; Schema: public; Owner: freecodecamp
--

ALTER TABLE ONLY public.star
    ADD CONSTRAINT star_name_key UNIQUE (name);


--
-- Name: star star_pkey; Type: CONSTRAINT; Schema: public; Owner: freecodecamp
--

ALTER TABLE ONLY public.star
    ADD CONSTRAINT star_pkey PRIMARY KEY (star_id);


--
-- Name: moon moon_planet_id_fkey; Type: FK CONSTRAINT; Schema: public; Owner: freecodecamp
--

ALTER TABLE ONLY public.moon
    ADD CONSTRAINT moon_planet_id_fkey FOREIGN KEY (planet_id) REFERENCES public.planet(planet_id);


--
-- Name: planet planet_star_id_fkey; Type: FK CONSTRAINT; Schema: public; Owner: freecodecamp
--

ALTER TABLE ONLY public.planet
    ADD CONSTRAINT planet_star_id_fkey FOREIGN KEY (star_id) REFERENCES public.star(star_id);


--
-- Name: rocket rocket_planet_id_fkey; Type: FK CONSTRAINT; Schema: public; Owner: freecodecamp
--

ALTER TABLE ONLY public.rocket
    ADD CONSTRAINT rocket_planet_id_fkey FOREIGN KEY (planet_id) REFERENCES public.planet(planet_id);


--
-- Name: star star_galaxy_id_fkey; Type: FK CONSTRAINT; Schema: public; Owner: freecodecamp
--

ALTER TABLE ONLY public.star
    ADD CONSTRAINT star_galaxy_id_fkey FOREIGN KEY (galaxy_id) REFERENCES public.galaxy(galaxy_id);


--
-- PostgreSQL database dump complete
--

